email,uuid,proto,level,flow
user0001@example.com,b6560b08-4bb7-40ae-8461-2c76a0e492f2,vless,0,
user0002@example.com,732f949f-1f2e-4bcb-aee9-4b3f6cad0790,vless,0,
user0003@example.com,a63a810c-6b16-4b76-869b-ba8c609ef731,vless,0,
user0004@example.com,aac89922-aa14-4eeb-8cda-0039d4a1f0a4,vless,0,
user0005@example.com,f18ce159-f0cf-4535-bdbe-b9bfc8802048,vless,0,
user0006@example.com,191435bb-b51c-4bf5-b4f4-0b97d3671fff,vless,0,
user0007@example.com,5f3ee53a-ac4b-4e5a-886c-9044437a6e3f,vless,0,
user0008@example.com,75237215-6f41-4e97-9dbb-bde7a494999c,vless,0,
user0009@example.com,7c15a44d-8bc3-44ad-b97f-ff3387c06917,vless,0,
user0010@example.com,3580fb84-91f2-4882-aba5-9b3f439f6bd0,vless,0,
user0011@example.com,97fef170-6189-4f5e-96cb-2835b8f4f179,vless,0,
user0012@example.com,ef4679e2-8bf4-4972-b439-80d2945441b8,vless,0,
user0013@example.com,e6d408ba-68ce-421d-9cc1-1120e999b8d7,vless,0,
user0014@example.com,32a0604d-343d-4f4b-b8e8-96dd519e7638,vless,0,
user0015@example.com,910bb640-69db-46f9-9bcf-c859864e6710,vless,0,
user0016@example.com,ff531f27-97cb-4e8b-9a0d-29d1657b5e97,vless,0,
user0017@example.com,9219b3fe-2b4e-46d5-8eed-f4f5b29c543e,vless,0,
user0018@example.com,02a6f996-01de-4615-9101-b677b62e7ae3,vless,0,
user0019@example.com,c309aee7-22f2-4f7d-8e19-24f1d09c313d,vless,0,
user0020@example.com,61835ceb-620e-471f-9514-4b9bc82d801c,vless,0,
